{
	"UserData":[{
		"bookingNum":"001",
		"surname":"Yunhan",
		"firstname":"Xi",
		"id": "123",
		"flightNum":"AB6060",
		"seatNum":"06B",
		"meal":"Normal",
		"flyingDate":"2022-04-01",
		"depAddr":"Shanxi",
		"desAddr":"Beijing",
		"totalTime":"1.5h",
		"delayStatus":"No",
		"luggage":"1.5kg",
		"carryOn": "true"
	},
	{
		"bookingNum":"002",
		"surname":"Ruxu",
		"firstname":"Zhang",
		"id": "345",
		"flightNum":"BC7070",
		"seatNum":"06C",
		"meal":"Normal",
		"flyingDate":"2022-04-01",
		"depAddr":"Shanghai",
		"desAddr":"Beijing",
		"totalTime":"2.5h",
		"delayStatus":"No",
		"luggage":"2kg",
		"carryOn": "false"
	},
	{
		"bookingNum":"003",
		"surname":"Ruotong",
		"firstname":"Cui",
		"id": "567",
		"flightNum":"CD8080",
		"seatNum":"06A",
		"meal":"Normal",
		"flyingDate":"2022-04-01",
		"depAddr":"Shengyang",
		"desAddr":"Beijing",
		"totalTime":"2h",
		"delayStatus":"No",
		"luggage":"1kg",
		"carryOn": "true"
	}]
}